{"cameraMode":{"drawMode":0,"name":"Shaded","section":"Shading Mode"},"sceneLighting":true,"audioPlay":false,"sceneViewState":{"showFog":true,"showMaterialUpdate":false,"showSkybox":true,"showFlares":true,"showImageEffects":true,"showParticleSystems":true},"in2DMode":false,"pivot":{"x":-13.050455093383789,"y":3.716477632522583,"z":-3.805006980895996},"rotation":{"x":-0.04489178583025932,"y":0.6451131701469421,"z":-0.03793959692120552,"w":-0.7618653178215027},"size":32.041114807128909,"orthographic":false}